{"stats":{"minecraft:used":{"minecraft:bread":2},"minecraft:picked_up":{"minecraft:wheat_seeds":1},"minecraft:mined":{"minecraft:grass":2},"minecraft:custom":{"minecraft:time_since_rest":3693,"minecraft:open_chest":2,"minecraft:interact_with_smithing_table":1,"minecraft:crouch_one_cm":273,"minecraft:play_time":12088,"minecraft:sprint_one_cm":24499,"minecraft:damage_taken":50,"minecraft:walk_one_cm":11966,"minecraft:sneak_time":209,"minecraft:bell_ring":10,"minecraft:walk_under_water_one_cm":8121,"minecraft:drop":1,"minecraft:jump":125,"minecraft:time_since_death":12088,"minecraft:walk_on_water_one_cm":489,"minecraft:sleep_in_bed":1,"minecraft:total_world_time":12088,"minecraft:climb_one_cm":1200,"minecraft:swim_one_cm":2122,"minecraft:fall_one_cm":4660,"minecraft:fly_one_cm":83962},"minecraft:dropped":{"minecraft:wheat_seeds":1}},"DataVersion":3120}